{"inputUnits":[48],"outputUnits":10,"inputs":{"0":{"dtype":"number","min":1700.81640625,"max":5647.0390625},"1":{"dtype":"number","min":1.0201994263456444,"max":2249.8768946306177},"2":{"dtype":"number","min":1.4835534256279903,"max":1739.4073605590206},"3":{"dtype":"number","min":0.8392282497231014,"max":1557.1931287796015},"4":{"dtype":"number","min":1.2802594619319034,"max":970.1937606539975},"5":{"dtype":"number","min":0.5482489391167266,"max":833.8842816593531},"6":{"dtype":"number","min":1.0190365062220805,"max":749.090569954072},"7":{"dtype":"number","min":0.9131433072934765,"max":629.260365599245},"8":{"dtype":"number","min":0.76302431820448,"max":612.4767315074466},"9":{"dtype":"number","min":0.9111846732415796,"max":459.43098047017696},"10":{"dtype":"number","min":0.9856047125950741,"max":395.0389763786033},"11":{"dtype":"number","min":0.8624787116003999,"max":376.4448772384435},"12":{"dtype":"number","min":0.5354364322401506,"max":291.2019904718128},"13":{"dtype":"number","min":0.778847500871853,"max":304.79391660691465},"14":{"dtype":"number","min":0.7247284535199932,"max":360.06074989703586},"15":{"dtype":"number","min":0.5866207135526228,"max":232.73038549119713},"16":{"dtype":"number","min":0.4996785456783457,"max":425.0964435625341},"17":{"dtype":"number","min":0.5724652387971372,"max":258.6098795097553},"18":{"dtype":"number","min":0.5528399348126813,"max":253.9061693239658},"19":{"dtype":"number","min":0.7577654288723874,"max":215.77576007194088},"20":{"dtype":"number","min":0.5340374890353193,"max":175.13325412427832},"21":{"dtype":"number","min":0.6316928689225139,"max":182.22536426589528},"22":{"dtype":"number","min":0.5175876681026752,"max":165.18871680026456},"23":{"dtype":"number","min":0.36777754370788024,"max":195.3066570285317},"24":{"dtype":"number","min":0.3648781389870991,"max":156.29041656468203},"25":{"dtype":"number","min":0.527946943921116,"max":165.1509424997082},"26":{"dtype":"number","min":0.42762727174818405,"max":148.58112598141764},"27":{"dtype":"number","min":0.5497341006658278,"max":168.04900664234705},"28":{"dtype":"number","min":0.4858502743946793,"max":237.83142408418882},"29":{"dtype":"number","min":0.3745376321918566,"max":170.2169258258018},"30":{"dtype":"number","min":0.3541937046951814,"max":157.27143896194107},"31":{"dtype":"number","min":0.26505948694121717,"max":164.01131142415534},"32":{"dtype":"number","min":0.47863812872497,"max":312.31920215027964},"33":{"dtype":"number","min":0.4430576244694693,"max":143.31190522775256},"34":{"dtype":"number","min":0.405917470030014,"max":130.08447124635134},"35":{"dtype":"number","min":0.3893129804005432,"max":143.0075659847888},"36":{"dtype":"number","min":0.3639211087675065,"max":125.78688724373683},"37":{"dtype":"number","min":0.26564340990990265,"max":121.46924714271071},"38":{"dtype":"number","min":0.35561396055319305,"max":141.5183437221521},"39":{"dtype":"number","min":0.3464103326423811,"max":158.8879227281618},"40":{"dtype":"number","min":0.3958210047928797,"max":168.9703085441693},"41":{"dtype":"number","min":0.35075127494648434,"max":174.07299567196048},"42":{"dtype":"number","min":0.3710127128954821,"max":147.40730342340788},"43":{"dtype":"number","min":0.45764892604742075,"max":221.52697240296783},"44":{"dtype":"number","min":0.28229567147488505,"max":248.78441840193506},"45":{"dtype":"number","min":0.4689058497718777,"max":224.17649406490116},"46":{"dtype":"number","min":0.4115161559264394,"max":222.3170938960444},"47":{"dtype":"number","min":0.3465020877598043,"max":246.37093305853497}},"outputs":{"0":{"dtype":"string","min":0,"max":1,"uniqueValues":["c","d","e","f","b","j","l","m","n","o"],"legend":{"c":[1,0,0,0,0,0,0,0,0,0],"d":[0,1,0,0,0,0,0,0,0,0],"e":[0,0,1,0,0,0,0,0,0,0],"f":[0,0,0,1,0,0,0,0,0,0],"b":[0,0,0,0,1,0,0,0,0,0],"j":[0,0,0,0,0,1,0,0,0,0],"l":[0,0,0,0,0,0,1,0,0,0],"m":[0,0,0,0,0,0,0,1,0,0],"n":[0,0,0,0,0,0,0,0,1,0],"o":[0,0,0,0,0,0,0,0,0,1]}}},"isNormalized":true}